[
  {
    "id": "Kombinatorika",
    "title": "ELEKTRONSKE LEKCIJE IZ KOMBINATORIKE",
    "folder": "kombinatorika",
    "description": "Kurs sadrži elektronske lekcije iz kombinatorike. U njemu se nakon osnovnog osvrta na skupove, predstavljaju principi prebrojavanja, Dirihelov princip i druge kombinatorne metode. Kurs prati potrebe redovne i dodatne nastavi matematike koja se odnosi na ovu temu u osnovnim i srednjim školama.",
    "lessons": [
      {
        "id": "Predgovor",
        "file": "uvod",
        "title": "Uvod u kurs kombinatorike"
      },
      {
        "id": "Osnovno o skupovima",
        "file": "skupovi",
        "title": "Skupovi"
      },
      {
        "id": "Principi prebrojavanja",
        "file": "principi",
        "title": "Principi prebrojavanja u kombinatorici"
      },
      {
        "id": "Dirihleov princip",
        "file": "dirihle",
        "title": "Dirihleov princip"
      },
      {
        "id": "Varijacije",
        "file": "varijacije",
        "title": "Varijacije"
      },
      {
        "id": "Permutacije",
        "file": "permutacije",
        "title": "Permutacije"
      },
      {
        "id": "Kombinacije",
        "file": "kombinacije",
        "title": "Kombinacije"
      },
      {
        "id": "Binomna formula",
        "file": "binomna",
        "title": "Binomna formula"
      },
      {
        "id": "Polinomna formula",
        "file": "polinomna",
        "title": "Polinomna formula"
      },
      {
        "id": "Princip uključenja-isključenja",
        "file": "ukljucenje",
        "title": "Princip uključenja-isključenja"
      },
      {
        "id": "Invarijante",
        "file": "invarijante",
        "title": "Invarijante"
      },
      {
        "id": "Kombinatorika i sah",
        "file": "kombinatorikaisah",
        "title": "Kombinatorika i sah"
      },
      {
        "id": "Razni zadaci",
        "file": "raznizadaci",
        "title": "Razni zadaci iz kombinatorike"
      },
      {
        "id": "Istorija kombinatorike",
        "file": "istorijat",
        "title": "Iz istorije kombinatorike"
      }
    ]
  }
]